# 插入数据

语法格式：

```mysql
INSERT INTO table_name ( field1, field2,...fieldN )
                       VALUES
                       ( value1, value2,...valueN );
```

```mysql
mysql> insert into runoob_tbl
    -> (title,author,date)
    -> values
    -> ('学习GO','菜鸟教程',NOW());
Query OK, 1 row affected, 1 warning (0.14 sec)

mysql> insert into runoob_tbl
    -> (title,author,date)
    -> values
    -> ('学习MySQL','菜鸟教程',NOW());
Query OK, 1 row affected, 1 warning (0.17 sec)

mysql> insert into runoob_tbl
    -> (title,author,date)
    -> values
    -> ('JAVA教程','C语言学习网','2017-05-04');
Query OK, 1 row affected (0.05 sec)
```

```mysql
mysql> select * from runoob_tbl;
+----+-------------+------------------+------------+
| id | title       | author           | date       |
+----+-------------+------------------+------------+
|  1 | 学习GO      | 菜鸟教程         | 2021-12-22 |
|  2 | 学习MySQL   | 菜鸟教程         | 2021-12-22 |
|  3 | JAVA教程    | C语言学习网      | 2017-05-04 |
+----+-------------+------------------+------------+
3 rows in set (0.00 sec)
```

插入多条数据：

```mysql
INSERT INTO table_name  (field1, field2,...fieldN)  
VALUES  (valueA1,valueA2,...valueAN),
(valueB1,valueB2,...valueBN),
(valueC1,valueC2,...valueCN)......;
```

# 查询数据

```mysql
select _column,_column from _table [where Clause] [limit N][offset M]
 select * : 返回所有记录
 limit N : 返回 N 条记录
 offset M : 跳过 M 条记录, 默认 M=0, 单独使用似乎不起作用
 limit N,M : 相当于 limit M offset N , 从第 N 条记录开始, 返回 M 条记录
 LIMIT n 等价于 LIMIT 0,n
 
 
实现分页：
select * from _table limit (page_number-1)*lines_perpage, lines_perpage
或
select * from _table limit lines_perpage offset (page_number-1)*lines_perpage
```

```mysql
mysql> select * from runoob_tbl
    -> limit 1;
+----+----------+--------------+------------+
| id | title    | author       | date       |
+----+----------+--------------+------------+
|  1 | 学习GO   | 菜鸟教程     | 2021-12-22 |
+----+----------+--------------+------------+
1 row in set (0.00 sec)

mysql> select * from runoob_tbl
    -> limit 1, 2
    -> ;
+----+-------------+------------------+------------+
| id | title       | author           | date       |
+----+-------------+------------------+------------+
|  2 | 学习MySQL   | 菜鸟教程         | 2021-12-22 |
|  3 | JAVA教程    | C语言学习网      | 2017-05-04 |
+----+-------------+------------------+------------+
2 rows in set (0.00 sec)

mysql> select * from runoob_tbl ;
+----+-------------+------------------+------------+
| id | title       | author           | date       |
+----+-------------+------------------+------------+
|  1 | 学习GO      | 菜鸟教程         | 2021-12-22 |
|  2 | 学习MySQL   | 菜鸟教程         | 2021-12-22 |
|  3 | JAVA教程    | C语言学习网      | 2017-05-04 |
+----+-------------+------------------+------------+
3 rows in set (0.00 sec)
```

## where子句

**where：**数据库中常用的是where关键字，用于在初始表中筛选查询。它是一个约束声明，用于约束数据，在返回结果集之前起作用。

**group by:**对select查询出来的结果集按照某个字段或者表达式进行分组，获得一组组的集合，然后从每组中取出一个指定字段或者表达式的值。

**having：**用于对where和group by查询出来的分组经行过滤，查出满足条件的分组结果。它是一个过滤声明，是在查询返回结果集以后对查询结果进行的过滤操作。

**执行顺序**

select –>where –> group by–> having–>order by

# 分页查询

## Mysql 的分页查询语句的性能分析

MySql 分页 sql 语句，如果和 MSSQL 的 TOP 语法相比，那么 MySQL 的 LIMIT 语法要显得优雅了许多。使用它来分页是再自然不过的事情了。

2.1 最基本的分页方式：

```mysql
SELECT ... FROM ... WHERE ... ORDER BY ... LIMIT ...
```

在中小数据量的情况下，这样的 SQL 足够用了，唯一需要注意的问题就是确保使用了索引。

举例来说，如果实际 SQL 类似下面语句，那么在 category_id, id 两列上建立复合索引比较好。

```mysql
SELECT * FROM articles WHERE category_id = 123 ORDER BY id LIMIT 50, 10
```

**2.2 子查询的分页方式**

随着数据量的增加，页数会越来越多，查看后几页的 SQL 就可能类似：

```mysql
SELECT * FROM articles WHERE category_id = 123 ORDER BY id LIMIT 10000, 10
```

一言以蔽之，就是越往后分页，**LIMIT 语句的偏移量就会越大，速度也会明显变慢。**

此时，我们可以通过子查询的方式来提高分页效率，大致如下：

```mysql
SELECT * FROM articles WHERE  id >=
 (SELECT id FROM articles  WHERE category_id = 123 ORDER BY id LIMIT 10000, 1) LIMIT 10
```

**2.3 JOIN 分页方式**

```mysql
SELECT * FROM `content` AS t1    
JOIN (SELECT id FROM `content` ORDER BY id desc LIMIT ".($page-1)*$pagesize.", 1) AS t2    
WHERE t1.id <= t2.id ORDER BY t1.id desc LIMIT $pagesize;
```

经过我的测试，join 分页和子查询分页的效率基本在一个等级上，消耗的时间也基本一致。

# UPDATE

语法格式

```mysql
UPDATE table_name 
SET field1=new-value1, field2=new-value2
[WHERE Clause]
```

```my
mysql> select * from runoob_tbl ;
+----+-------------+------------------+------------+
| id | title       | author           | date       |
+----+-------------+------------------+------------+
|  1 | 学习GO      | 菜鸟教程         | 2021-12-22 |
|  2 | 学习MySQL   | 菜鸟教程         | 2021-12-22 |
|  3 | JAVA教程    | C语言学习网      | 2017-05-04 |
+----+-------------+------------------+------------+
3 rows in set (0.00 sec)

mysql> update runoob_tbl set title='学习JAVA' where id = 3;
Query OK, 1 row affected (0.15 sec)
Rows matched: 1  Changed: 1  Warnings: 0

mysql> select * from runoob_tbl;
+----+-------------+------------------+------------+
| id | title       | author           | date       |
+----+-------------+------------------+------------+
|  1 | 学习GO      | 菜鸟教程         | 2021-12-22 |
|  2 | 学习MySQL   | 菜鸟教程         | 2021-12-22 |
|  3 | 学习JAVA    | C语言学习网      | 2017-05-04 |
+----+-------------+------------------+------------+
3 rows in set (0.00 sec)
```

# DELETE

语法格式

```mysql
DELETE 
FROM table_name 
[WHERE Clause]
```

 # LIKE

```mysql
mysql> select * from runoob_tbl where title like '%JAVA';
+----+------------+------------------+------------+
| id | title      | author           | date       |
+----+------------+------------------+------------+
|  3 | 学习JAVA   | C语言学习网      | 2017-05-04 |
+----+------------+------------------+------------+
1 row in set (0.00 sec)
```

- 你可以在 WHERE 子句中指定任何条件。
- 你可以在 WHERE 子句中使用LIKE子句。
- 你可以使用LIKE子句代替等号 **=**。
- LIKE 通常与 **%** 一同使用，类似于一个元字符的搜索。
- 你可以使用 AND 或者 OR 指定一个或多个条件。
- 你可以在 DELETE 或 UPDATE 命令中使用 WHERE...LIKE 子句来指定条件。

like 匹配/模糊匹配，会与 **%** 和 **_** 结合使用。

```
'%a'     //以a结尾的数据
'a%'     //以a开头的数据
'%a%'    //含有a的数据
'_a_'    //三位且中间字母是a的
'_a'     //两位且结尾字母是a的
'a_'     //两位且开头字母是a的
```

# UNION

MySQL UNION 操作符用于**连接两个以上的 SELECT 语句**的结果组合到一个结果集合中。**多个 SELECT 语句会删除重复的数据。**

MySQL UNION 操作符语法格式：

```mysql
SELECT expression1, expression2, ... expression_n
FROM tables
[WHERE conditions]
UNION [ALL | DISTINCT]
SELECT expression1, expression2, ... expression_n
FROM tables
[WHERE conditions];
```

- **ALL:** 可选，返回所有结果集，包含重复数据。

```mysql
mysql> select country from websites
    -> union
    -> select country from apps
    -> order by country;
+---------+
| country |
+---------+
| CN      |
| IND     |
| USA     |
+---------+
3 rows in set (0.14 sec)


-- ALL 包含重复的数据
mysql> select country from websites
    -> union all
    -> select country from apps
    -> order by country;
+---------+
| country |
+---------+
| CN      |
| CN      |
| CN      |
| CN      |
| CN      |
| CN      |
| IND     |
| USA     |
| USA     |
+---------+
9 rows in set (0.00 sec)
```

# ORDER BY

MySQL 排序我们知道从 MySQL 表中使用 SQL SELECT 语句来读取：

**MySQL 拼音排序**

如果字符集采用的是 gbk(汉字编码字符集)，直接在查询语句后边添加 ORDER BY：

```mysql
SELECT * 
FROM runoob_tbl
ORDER BY runoob_title;
```

如果字符集采用的是 utf8(万国码)，需要先对字段进行转码然后排序：

```mysql
SELECT * 
FROM runoob_tbl
ORDER BY CONVERT(runoob_title using gbk);
```



# GROUP BY

GROUP BY 语句根据一个或多个列对结果集进行分组。

在分组的列上我们可以使用 COUNT, SUM, AVG,等函数。

语法格式

``` mysql
SELECT column_name, function(column_name)
FROM table_name
WHERE column_name operator value
GROUP BY column_name;
```

```mysql
mysql> select name, count(*)
    -> from employee_tbl
    -> group by name;
+--------+----------+
| name   | count(*) |
+--------+----------+
| 小明   |        3 |
| 小王   |        2 |
| 小丽   |        1 |
+--------+----------+
3 rows in set (0.06 sec)
```

### 使用 WITH ROLLUP

WITH ROLLUP 可以实现在分组统计数据基础上再进行相同的统计（SUM,AVG,COUNT…）。

例如我们将以上的数据表按名字进行分组，再统计每个人登录的次数：

```mysql
mysql> select name, sum(signin) as signin_count
    -> from employee_tbl
    -> group by name
    -> with rollup;
+--------+--------------+
| name   | signin_count |
+--------+--------------+
| 小丽   |            2 |
| 小明   |            7 |
| 小王   |            7 |
| NULL   |           16 |
+--------+--------------+
4 rows in set (0.10 sec)
```

coalesce 语法：

```mysql
select coalesce(a,b,c);
```

参数说明：如果a==null,则选择b；如果b==null,则选择c；如果a!=null,则选择a；如果a b c 都为null ，则返回为null（没意义）。

```mysql
mysql> select coalesce(name,'总数') as name, sum(signin) as signin_count
    -> from employee_tbl
    -> group by name
    -> with rollup;
+--------+--------------+
| name   | signin_count |
+--------+--------------+
| 小丽   |            2 |
| 小明   |            7 |
| 小王   |            7 |
| 总数   |           16 |
+--------+--------------+
4 rows in set, 1 warning (0.05 sec)
```

