# 连接

- **INNER JOIN（内连接,或等值连接）**：获取两个表中字段匹配关系的记录。
- **LEFT JOIN（左连接）：**获取左表所有记录，即使右表没有对应匹配的记录。
- **RIGHT JOIN（右连接）：** 与 LEFT JOIN 相反，用于获取右表所有记录，即使左表没有对应匹配的记录。

示例表：

```mysql
mysql> select * from tcount_tbl;
+----+--------------+-------+
| id | author       | count |
+----+--------------+-------+
|  1 | 菜鸟教程     |    10 |
|  2 | RUNOOB.COM   |    20 |
|  3 | Google       |    22 |
+----+--------------+-------+
3 rows in set (0.00 sec)

mysql> select * from runoob_tbl;
+----+--------------+------------------+------------+
| id | title        | author           | date       |
+----+--------------+------------------+------------+
|  1 | 学习GO       | 菜鸟教程         | 2021-12-22 |
|  2 | 学习MySQL    | 菜鸟教程         | 2021-12-22 |
|  3 | 学习JAVA     | C语言学习网      | 2017-05-04 |
|  4 | 学习C        | FK               | 2017-04-05 |
|  5 | 学习Python   | RUNOOB.COM       | 2017-05-05 |
+----+--------------+------------------+------------+
```



## 内连接（INNER JOIN）

```mysql
mysql> select a.id,a.author,b.count
    -> from runoob_tbl a
    -> INNER JOIN
    -> tcount_tbl b
    -> ON a.author = b.author;
+----+--------------+-------+
| id | author       | count |
+----+--------------+-------+
|  1 | 菜鸟教程     |    10 |
|  2 | 菜鸟教程     |    10 |
|  5 | RUNOOB.COM   |    20 |
+----+--------------+-------+
```

![image-20211222150738112](C:\Users\26442\AppData\Roaming\Typora\typora-user-images\image-20211222150738112.png)

## 左连接（LEFT JOIN）

MySQL left join 与 join 有所不同。 MySQL LEFT JOIN 会读取左边数据表的全部数据，即便右边表无对应数据。

```mysql
mysql> select a.id, a.author, b.count
    -> from runoob_tbl a
    -> left join
    -> tcount_tbl b
    -> on
    -> a.author = b.author;
+----+------------------+-------+
| id | author           | count |
+----+------------------+-------+
|  1 | 菜鸟教程         |    10 |
|  2 | 菜鸟教程         |    10 |
|  3 | C语言学习网      |  NULL |
|  4 | FK               |  NULL |
|  5 | RUNOOB.COM       |    20 |
+----+------------------+-------+
5 rows in set (0.04 sec)
```



## 右连接（RIGHT JOIN）

MySQL RIGHT JOIN 会读取右边数据表的全部数据，即便左边边表无对应数据。

```mysql
mysql> select a.id,a.author,b.count
    -> from runoob_tbl a
    -> right join
    -> tcount_tbl b
    -> on a.author=b.author;
+------+--------------+-------+
| id   | author       | count |
+------+--------------+-------+
|    2 | 菜鸟教程     |    10 |
|    1 | 菜鸟教程     |    10 |
|    5 | RUNOOB.COM   |    20 |
| NULL | NULL         |    22 |
+------+--------------+-------+
```

![image-20211222151654699](C:\Users\26442\AppData\Roaming\Typora\typora-user-images\image-20211222151654699.png)

